name,page,reason
how to Blanch,597,fragment
how to Shred,597,fragment
in Bloom,416,fragment
k la Hollandaise,285,fragment
in Crusts,285,fragment
in White Sauce,284,fragment
on Toast,284,fragment
with Apricots,389,fragment
and Rice Croquettes,359,fragment
k la Henriette,197,fragment
h la Mirabeau,197,fragment
k la Victor Hugo,197,fragment
to Broil,196,fragment
with Maltre d'Hdtel Butter,196,fragment
with Oyster Blanket,198,fragment
on Canap6s,375,fragment
to Bone,24,fragment
to Dress for Broiling,244,fragment
h ritalienne,165,fragment
to Dip,546,fragment
and Butter Folds,549,fragment
and Butter Pudding,393,fragment
and Butter Pudding (Apple),393,fragment
for Garnishing,69,fragment
to Cream,596,fragment
to Make,596,fragment
and Peas,288,fragment
of Lamb,220,fragment
of Rice and Meat,224,fragment
k la HoUandaise,289,fragment
k la Huntington,289,fragment
k la Parmesan,289,fragment
au Gratin,289,fragment
and Cabbage Salad,329,fragment
in White Sauce,290,fragment
of Eggs,386,fragment
and Anchovy Sandwiches,661,fragment
and Currant Salad,337,fragment
and Olive Canapes,666,fragment
and Olive Salad,337,fragment
how to Shell,597,fragment
k la Merango,250,fragment
k la Providence,246,fragment
k la Stanley,246,fragment
and Mushroom Croquettes,360,fragment
and Oyster Salad,346,fragment
and Oysters k la M6tropole,261,fragment
in Baskets,261,fragment
with Bacon,253,fragment
with Curry,254,fragment
with Madeira Sauce,253,fragment
k la Marseilles,216,fragment
k la Signora,216,fragment
en Papillote,217,fragment
and Oyster Soup,131,fragment
and Tomato Bisque,132,fragment
k la Grand Union,186,fragment
k la Newburg,560,fragment
for One,38,fragment
a la Royal,128,fragment
au Parmesan,128,fragment
aux P4tes,129,fragment
with Vegetables,129,fragment
au Marrons,456,fragment
to Clean,174,fragment
of Tartar,53,fragment
to Whip,425,fragment
of Rice,378,fragment
and Raspberry Preserve,581,fragment
of Chicken,372,fragment
of Sweetbreads k la Victoria,361,fragment
k la Benedict,97,fragment
k la Buckingham,99,fragment
k la Caracas,558,fragment
k la Commodore,97,fragment
k la Finnoise,96,fragment
k la Goldenrod,100,fragment
k la Juliette,104,fragment
k la Lee,97,fragment
k la Livingston,99,fragment
k la Parisienne,104,fragment
k la Sidney,102,fragment
k la Suisse,96,fragment
k la Turk,99,fragment
au Beurre Noir,558,fragment
au Gratin,100,fragment
in Batter,101,fragment
with Spinach h la Martin,107,fragment
to Clarify,21,fragment
to Try Out,21,fragment
"of Beef, larded",283,fragment
"of Beef, k la Moelle",199,fragment
"of Beef, Broiled",198,fragment
"of Beef, Cherry Sauce",199,fragment
of Beef with Vegetables,203,fragment
"of Fish, k la Bement",171,fragment
of Game,373,fragment
"of Haddock, White] Wine Sauce",170,fragment
"of Halibut, k la Poulette",170,fragment
of Halibut with Brown Sauce,169,fragment
k la Delmonico,179,fragment
how to Build,17,fragment
"h la Cr^me, 176. k la Provengal",561,fragment
and Egg Croquettes,177,fragment
to Bake,161,fragment
to Bone,160,fragment
to Broil,161,fragment
to Clean,159,fragment
to Fillet,160,fragment
to Fry,161,fragment
to Skin,159,fragment
of Children,611,fragment
to Gut up,246,fragment
to Tniss,244,fragment
of Lobster and Mushrooms,188,fragment
of Oysters,181,fragment
or Steriliaiog,686,fragment
"and Floors, to PoUsh",600,fragment
how to Prepare for Serving,568,fragment
with Apricot Brandy,469,fragment
with Sherry,568,fragment
with Sloe Gin,569,fragment
h. la Poulette,170,fragment
au Lit,172,fragment
"How to Estimate Food Value of a Day's Ration, 618-619. of a Meal, 617-618. of a Recipe",617,fragment
to Beat,26,fragment
to Combine,26,fragment
to Cut and Fold,26,fragment
to Stir,26,fragment
and Cucumber Salad,327,fragment
and Radish Salad,327,fragment
and Tomato Salad,328,fragment
k I'Americaine,190,fragment
k la Delmonico,560,fragment
k la Muisset,190,fragment
"and Mushrooms, Fricassee of",188,fragment
and Oyster Filling,188,fragment
and Oyster Ragout,188,fragment
to Open,157,fragment
to Select,157,fragment
k la Milanaise,92,fragment
k ritalienne,91,fragment
with Tomato Sauce,91,fragment
with White Sauce,90,fragment
"of Vegetables, k la Poulette",308,fragment
and Water Bread,54,fragment
to Scald,596,fragment
why it Sours,9,fragment
k r Algonquin,306,fragment
k la Sabine,305,fragment
how to Mix,697,fragment
with Currant Jelly Sauce,564,fragment
or Harlequin Ice Cream,448,fragment
and Celery Salad II,338,fragment
and Cheese Sandwiches,551,fragment
or Fruit Filling,525,fragment
in Egg Yolk,8,fragment
to Fold and Turn,106,fragment
with Croutons,107,fragment
with Meat or Vegetables,106,fragment
in Cream,295,fragment
and Macaroni Croquettes,357,fragment
k la Astor,182,fragment
k la Ballard,181,fragment
"k la D'Uxelles, 559. \ k la Somerset",357,fragment
and Macaroni,183,fragment
in Brown Sauce,182,fragment
to Block Ice for,180,fragment
to Clean,156,fragment
to Open,156,fragment
with Drawn Butter Sauce,297,fragment
with Lard,464,fragment
k Choux Parmesan,148,fragment
with Sauce B^arnaise,98,fragment
k la Hollandaise,311,fragment
au Gratin,319,fragment
to Cut up,243,fragment
to Dress and Clean,242,fragment
to Select,242,fragment
to Stuff,244,fragment
to Truss,244,fragment
by Antiseptics,27,fragment
k la Macedoine,423,fragment
and Currant Preserve,581,fragment
"and Meat, Casserole of",224,fragment
and Tomato Croquettes,356,fragment
to Wash,88,fragment
with Cheese,89,fragment
with Anchovy Sauce,561,fragment
with Anchovy Toast,99,fragment
with Calf's Brains,557,fragment
with Sweetbreads,557,fragment
with Tomato Sauce,98,fragment
k la Langtry,169,fragment
k la Meniere,173,fragment
au Rhum,378,fragment
k la Soubise,126,fragment
k la Bechamel,300,fragment
for Chicken in Aspic,384,fragment
for Mutton,218,fragment
for Potted Pigeons,259,fragment
for Smelts,168,fragment
to Caramelize,596,fragment
to Heat,574,fragment
k la Mont Vert,371,fragment
k la NapoH,233,fragment
k la Poulette,233,fragment
and Bacon,234,fragment
and Celery Salad,347,fragment
and Cucumber Salad I,346,fragment
and Cucumber Salad II,346,fragment
and Mushroom Timbales,366,fragment
in Peppers,372,fragment
with Tomato Sauce,234,fragment
for Boiling Sugar for Confections,544,fragment
for Cooking Cereals,86,fragment
for Sterilizing Berries,588,fragment
"of Food Values, 613-616. of Measures and Weights",27,fragment
k la Baltimore,175,fragment
k la Maryland,175,fragment
to Cook,175,fragment
and Cheese Salad,334,fragment
and Cucumber Salad,333,fragment
and Horseradish Salad,332,fragment
and Mushroom Sauce,270,fragment
and Watercress Salad,333,fragment
in Aspic,382,fragment
in Aspij,383,fragment
k la Provengale,210,fragment
to Carve,255,fragment
with Chestnut Gravy,256,fragment
and Sago Soup,122,fragment
k la Poulette,308,fragment
with Boiled Cider,80,fragment
over Fish,176,fragment
over Mutton and Lamb,223,fragment
over Potatoes,319,fragment
over Poultry and Game,261,fragment
over Veal,231,fragment
of Boiling,18,fragment
of Boning,24,fragment
of Braising,22,fragment
of Cooking,18,fragment
of Cooking Fish,160,fragment
of Egging and Gnimbing,22,fragment
of Fricasseeing,22,fragment
of Frying,20,fragment
of Larding,23,fragment
of Roasting,20,fragment
of Sauteing,22,fragment
of Stewing,19,fragment
